{
    "total": 6,
    "employees": [
        {
            "id": "Emp1",
            "firstName": "Debin",
            "lastName": "C",
            "age":"25",
            "email":"debin@test.com"
        },
        {
            "id": "Emp2",
            "firstName": "Merrin",
            "lastName": "P",
            "age":"26",
            "email":"merrin@test.com"
        },
        {
            "id": "Emp3",
            "firstName": "Ajas",
            "lastName": "k",
            "age":"29",
            "email":"ajas@test.com"
        },
        {
            "id": "Emp4",
            "firstName": "Neenu",
            "lastName": "C",
            "age":"27",
            "email":"neenu@test.com"
        },
        {
            "id": "Emp5",
            "firstName": "Anoop",
            "lastName": "C",
            "age":"29",
            "email":"anoop@test.com"
        },
        {
            "id": "Emp6",
            "firstName": "Renjith",
            "lastName": "R",
            "age":"26",
            "email":"renjith@test.com"
        }
    ]
}